"Timestamp","First Name","Last Name","Email","Have you ever programmed before?"
"2017/03/25 8:34:21 PM GMT","Gorkem ","Guclu","gorkemguclu666@gmail.com","Yes"
"2017/03/25 8:34:23 PM GMT","Brendan","Valentino","hy.valentino.brendan@leadps.org","Yes"
"2017/03/25 8:34:37 PM GMT","Utkarsh","Prakash","utkarsh.prakash22@gmail.com","Yes"
"2017/03/25 8:34:41 PM GMT","Aaron","Register","chairmandrek82@gmail.com","No"
"2017/03/25 8:34:41 PM GMT","Nishitha ","Gouravelli","nishitha256@gmail.com","Yes"
"2017/03/25 8:34:43 PM GMT","Manoj","Munaganuru","manoj.munaganuru@gmail.com","Yes"
"2017/03/25 8:34:46 PM GMT","Eduardo","Cortes","eduardocortes1100@gmail.com","Yes"
"2017/03/25 8:34:55 PM GMT","Shannon","Li","shanli820@yahoo.com","Yes"
"2017/03/25 8:34:57 PM GMT","Erasmo","Quezada","erasmoq589@gmail.com","No"
"2017/03/25 8:35:03 PM GMT","Andre","Lam","andre@bubblez.org","Yes"
"2017/03/25 8:35:12 PM GMT","Chearim","Park","chearimpark@gmail.com","Yes"
"2017/03/25 8:35:28 PM GMT","Bryant","Tong","hy.tong.bryant@leadps.org","Yes"
"2017/03/25 8:35:37 PM GMT","Nohemi, Andrew","Flores. Nguyen","hy.flores.nohemi@gmail.com, hy.nguyen.andrew@leadps.org","Yes"
"2017/03/25 8:35:43 PM GMT","Moises","Limon","moises.limon@smash.lpfi.org","Yes"
"2017/03/25 8:36:37 PM GMT","Eliot","Wachtel","eliotwachtel@students.berkeley.net","Yes"
"2017/03/25 8:37:07 PM GMT","Miguel","Barba","barbah.miguel@gmail.com","Yes"
"2017/03/25 8:55:05 PM GMT","Monty","Choy","montgomery.okdaily@gmail.com","Yes"
"2017/03/25 9:06:37 PM GMT","Gabriella","Brown","thegabbyshow@hotmail.com","Yes"