"Timestamp","First Name","Last Name","Email","Did you have any prior experience before coming to the workshop? ","How helpful were the tutorials? ","How helpful were the assistants?","How would you rate your overall experience? ","Would you be interested in coming to another HKN Workshop? Please give a brief explanation of why.","Do you have any recommendations on how we can improve?","Would you like to be added to our mailing list so that you can be notified of future events put on by HKN? ","Is there anything else you would like us to know? "
"2017/03/25 10:20:40 PM GMT","Gabriella","Brown","thegabbyshow@hotmail.com","Yes","4","5","5","Yes. This is because I learned new things and everyone was really nice, even though I didn't know anything.","I already said in previous workshop and I don't feel like typing it over again.","Yes, I would like to be added to your mailing list.","Nope!"
"2017/03/25 10:43:29 PM GMT","Aaron","Register","chairmandrek82@gmail.com","No","4","5","4","Yes, it was an enjoyable 3 hours","Start on time","Yes, I would like to be added to your mailing list.","Nope
"
"2017/03/25 10:44:45 PM GMT","Eduardo","Cortes","eduardocortes1100@gmailcom","No","5","5","5","yeah ","more security","Yes, I would like to be added to your mailing list.","we hacked it "
"2017/03/25 10:45:01 PM GMT","Utkarsh","Prakash","utkarsh.prakash22@gmail.com","Yes","5","4","5","Yes. it was helpful to build my computer science skills.","no","Yes, I would like to be added to your mailing list.",""
"2017/03/25 10:45:57 PM GMT","Miguel","Barba","barbah.miguel@gmail.com","Yes","5","5","5","Yes, it was pretty bomb","Probably have a longer event","Yes, I would like to be added to your mailing list.","We totally did not hack it."
"2017/03/25 10:45:58 PM GMT","erasmo","quezada","erasmoq589@gmail.com","No","5","5","4","yes because there are very interesting","just have more workshop","Yes, I would like to be added to your mailing list.",""
"2017/03/25 10:46:10 PM GMT","Manoj","Munaganuru","manoj.munaganuru@gmail.com","Yes","4","4","4","Yes, because I found it interesting.","No","","no"
"2017/03/25 10:46:29 PM GMT","Gorkem","Guclu","gorkemguclu666@gmail.com","Yes","5","5","5","Yes it was an enjoyable experience","Start on time and add more tutorials on electronics and electrical engineering as well as Python","Yes, I would like to be added to your mailing list.","Nope"
"2017/03/25 10:48:17 PM GMT","Moisés","Limon","moises.limon@smash.lpfi.org","Yes","5","5","5","Yes since I enjoyed them and I learned a lot.","Don't let people hack you.","Yes, I would like to be added to your mailing list.",""
"2017/03/27 5:21:04 AM GMT","Monty","Choy","montgomery.okdaily@gmail.com","Yes","5","5","5","Yes, very fun! Learn some cool stuff, meet more cool people.","More event like this!","Yes, I would like to be added to your mailing list.",""